id;first_name;last_name;email;phone_number
1;Manuel;Brekke;Johnny.Schroeder@yahoo.com;Legacy yellow teal
2;Emily;Raynor;Osborne4@gmail.com;quantifying Security indexing
3;Lura;Strosin;Donavon93@gmail.com;adapter invoice GB
4;Stephen;Schmeler;Garret43@gmail.com;eco-centric bypass
5;Dalton;Donnelly;Edd71@yahoo.com;deposit Multi-channelled Soap
6;Jerad;Harris;Hilma.Raynor22@yahoo.com;infomediaries monitoring Account
7;King;Haley;Arjun.Langosh74@gmail.com;optical
8;Margot;Boyle;Barney.Larkin@hotmail.com;Mauritius multi-byte Fresh
9;Janie;Orn;Ubaldo.Konopelski37@gmail.com;Table
10;Dallas;Crooks;Terrence.Zemlak54@hotmail.com;Saint Tasty
